Batman Begins,Action Crime Thriller,2005,1234,120,https://www.youtube.com/watch?v=eJGyZB685Gs
Dark Knight,Action Crime Thriller,2008,1234,120,https://www.youtube.com/watch?v=EXeTwQWrcwY
Dark Knight Rises,Action Crime Thriller,2012,1234,120,https://www.youtube.com/watch?v=GokKUqLcvD8
Spiderman,Action Adventure Sci-Fi,2002,12345,90,https://www.youtube.com/watch?v=O7zvehDxttM
Spiderman 2,Action Adventure Sci-Fi,2004,12345,100,https://www.youtube.com/watch?v=enmFqm_N_ZE
Spiderman 3,Action Adventure Sci-Fi,2007,12345,101,https://www.youtube.com/watch?v=wPosLpgMtTY
Leon: The Professional,Crime Drama Thriller,1994,12041,95,https://www.youtube.com/watch?v=aNQqoExfQsg
Titanic,Drama Romance,1997,9999999,162,https://www.youtube.com/watch?v=2e-eXJ6HgkQ
The Curious Case of Benjamin Button,Drama Fantasy Romance,2008,4231,140,https://www.youtube.com/watch?v=ZH0gku_ac70
Troy,Drama History Romance,2004,32651,118,https://www.youtube.com/watch?v=znTLzRJimeY
